ν (obs),ν (calc),ν (obs-calc),S (calc),E_{low},J_{up},C_{up},n_{up},P_{up},J_{low},C_{low},n_{low},P_{low},E_{up},A,vib_{up},,,,,vib_{low},,,,
cm^{−1},cm^{−1},cm^{−1},cm.molec^{−1},cm^{−1},,,,,,,,,cm^{−1},s^{−1},,,,,,,,,,
5944.5371,5944.4737,0.0635,7.42E-28,2618,1,F1,133,6,2,F2,1,2,8562,0.436,0,0,2,2,F2,0,0,0,2,A1
5944.6768,5944.8985,−0.2216,3.81E-28,2618,1,E,85,6,2,E,1,2,8563,0.335,0,0,2,2,F2,0,0,0,2,A1
5961.3179,5961.4245,−0.1066,1.36E-27,2620,1,A2,49,6,2,A1,1,2,8581,0.486,0,0,2,2,F2,0,0,0,2,F2
5965.0586,5964.6783,0.3803,2.48E-27,2649,3,A1,92,6,3,A2,1,2,8613,0.437,0,0,2,2,F2,0,0,0,2,A1
5965.2863,5965.2041,0.0822,8.42E-28,2618,2,E,142,6,2,E,1,2,8583,0.448,0,0,2,2,F2,0,0,0,2,A1
5965.3234,5965.3579,−0.0346,1.31E-27,2618,2,F1,206,6,2,F2,1,2,8583,0.464,0,0,2,2,F2,0,0,0,2,A1
5965.7126,5965.6481,0.0645,7.09E-28,2597,1,F2,123,6,1,F1,1,2,8563,0.379,0,0,2,2,F2,0,0,0,2,A1
5970.3077,5970.4199,−0.1122,2.28E-27,2620,2,A2,67,6,2,A1,1,2,8590,0.492,0,0,2,2,E,0,0,0,2,F2
5985.8290,5985.8834,−0.0544,1.10E-27,2597,2,F2,217,6,1,F1,1,2,8583,0.355,0,0,2,2,F2,0,0,0,2,A1
5996.6331,5996.6521,−0.0190,9.51E-28,2618,3,E,197,6,2,E,1,2,8615,0.365,0,0,2,2,F2,0,0,0,2,A1
5996.6715,5996.9236,−0.2521,1.40E-27,2618,3,F1,302,6,2,F2,1,2,8615,0.358,0,0,2,2,F2,0,0,0,2,A1
6008.5537,6008.9804,−0.4267,2.56E-27,2649,4,A1,134,6,3,A2,1,2,8658,0.357,0,0,2,2,F2,0,0,0,2,A1
6021.1464,6021.1545,−0.0080,2.74E-28,2587,1,A2,52,6,0,A1,1,2,8608,0.085,0,2,1,2,F2,0,0,0,2,A1
6194.2019,6194.2016,0.0003,3.00E-30,2597,1,F2,182,6,1,F1,1,2,8792,0.0015,0,1,2,1,F2,0,0,0,2,A1
6195.2306,6195.2281,0.0025,6.00E-30,2587,1,A2,69,6,0,A1,1,2,8782,0.0021,1,3,0,1,F2,0,0,0,2,A1
6205.5748,6205.5738,0.0010,8.00E-30,2587,1,A2,70,6,0,A1,1,2,8793,0.0026,0,1,2,1,F2,0,0,0,2,A1
6211.6026,6211.6052,−0.0026,9.00E-30,2597,2,F2,321,6,1,F1,1,2,8809,0.0031,0,1,2,1,F2,0,0,0,2,A1
6215.8802,6215.8794,0.0008,4.70E-30,2649,3,F1,460,6,2,F2,3,2,8865,0.0015,0,1,2,1,E,0,0,0,2,F2
,,,,,,,,,,,,,,,,,,,,,,,,
5909.9222,5910.5396,−0.6174,2.61E-30,3928,2,A2,93,7,3,A1,1,3,9839,0.319,0,0,2,3,E,0,0,0,3,F2
5937.8722,5938.3309,−0.4587,3.23E-32,4048,4,F1,648,7,4,F2,10,3,9987,0.0066,0,0,2,3,F2,0,0,0,3,F1
5946.1482,5946.6810,−0.5328,2.28E-30,3872,1,A1,55,7,1,A2,1,3,9818,0.356,0,0,2,3,F1,0,0,0,3,F2
5960.4952,5961.7383,−1.2431,3.39E-30,3872,2,A1,105,7,1,A2,1,3,9833,0.320,0,0,2,3,F2,0,0,0,3,F2
